{
  "testConfig": {
    "pdfFileHash": "e3a37643a626e987cf97ad1b5c99a76a1d9e87f9a7518da0c3aa092b642d4a1c"
  },
  "pdfCropperData": {
    "physics": {
      "physics Section 1": {
        "1": {
          "que": 1,
          "type": "mcq",
          "marks": {
            "cm": 4,
            "im": -1
          },
          "pdfData": [
            {
              "x1": 72.96875,
              "x2": 573.96875,
              "y1": 353,
              "y2": 572,
              "page": 1
            }
          ],
          "answerOptions": "4",
          "answerOptionsCounterType": {
            "primary": "lower-latin"
          }
        },
        "2": {
          "que": 2,
          "type": "mcq",
          "marks": {
            "cm": 4,
            "im": -1
          },
          "pdfData": [
            {
              "x1": 84.96875,
              "x2": 535.96875,
              "y1": 597,
              "y2": 768,
              "page": 1
            }
          ],
          "answerOptions": "4",
          "answerOptionsCounterType": {
            "primary": "lower-latin"
          }
        },
        "3": {
          "que": 3,
          "type": "mcq",
          "marks": {
            "cm": 4,
            "im": -1
          },
          "pdfData": [
            {
              "x1": 84.96875,
              "x2": 539.96875,
              "y1": 34,
              "y2": 243,
              "page": 2
            }
          ],
          "answerOptions": "4",
          "answerOptionsCounterType": {
            "primary": "lower-latin"
          }
        },
        "4": {
          "que": 4,
          "type": "mcq",
          "marks": {
            "cm": 4,
            "im": -1
          },
          "pdfData": [
            {
              "x1": 86.96875,
              "x2": 530.96875,
              "y1": 264,
              "y2": 456,
              "page": 2
            }
          ],
          "answerOptions": "4",
          "answerOptionsCounterType": {
            "primary": "lower-latin"
          }
        },
        "5": {
          "que": 5,
          "type": "mcq",
          "marks": {
            "cm": 4,
            "im": -1
          },
          "pdfData": [
            {
              "x1": 84.96875,
              "x2": 497.96875,
              "y1": 479,
              "y2": 742,
              "page": 2
            }
          ],
          "answerOptions": "4",
          "answerOptionsCounterType": {
            "primary": "lower-latin"
          }
        }
      }
    }
  },
  "appVersion": "1.22.1",
  "generatedBy": "answerKeyPage",
  "generatedBasedOn": "pdfCropperPage",
  "testAnswerKey": {
    "physics": {
      "physics Section 1": {
        "1": [
          1
        ],
        "2": [
          2
        ],
        "3": [
          3
        ],
        "4": [
          4
        ],
        "5": [
          1
        ]
      }
    }
  }
}