{
  "testConfig": {
    "pdfFileHash": "a67f1c7c77b7fafb1f8257b028e04ac2cdf49af3548817c10452de443d71e3be"
  },
  "pdfCropperData": {
    "MATHS": {
      "MATHS Section 1": {
        "1": {
          "que": 1,
          "type": "mcq",
          "marks": {
            "cm": 4,
            "im": -1
          },
          "pdfData": [
            {
              "x1": 89.25,
              "x2": 775.25,
              "y1": 280,
              "y2": 376,
              "page": 1
            }
          ],
          "answerOptions": "4"
        },
        "2": {
          "que": 2,
          "type": "msq",
          "marks": {
            "cm": 4,
            "pm": 1,
            "im": -2
          },
          "pdfData": [
            {
              "x1": 114.25,
              "x2": 763.25,
              "y1": 258,
              "y2": 374,
              "page": 2
            }
          ],
          "answerOptions": "4"
        },
        "3": {
          "que": 3,
          "type": "mcq",
          "marks": {
            "cm": 4,
            "im": -1
          },
          "pdfData": [
            {
              "x1": 193,
              "x2": 703,
              "y1": 261,
              "y2": 346,
              "page": 3
            }
          ],
          "answerOptions": "4"
        },
        "4": {
          "que": 4,
          "type": "mcq",
          "marks": {
            "cm": 4,
            "im": -1
          },
          "pdfData": [
            {
              "x1": 250,
              "x2": 703,
              "y1": 234,
              "y2": 299,
              "page": 5
            }
          ],
          "answerOptions": "4"
        },
        "5": {
          "que": 5,
          "type": "mcq",
          "marks": {
            "cm": 4,
            "im": -1
          },
          "pdfData": [
            {
              "x1": 191,
              "x2": 683,
              "y1": 261,
              "y2": 358,
              "page": 6
            }
          ],
          "answerOptions": "4"
        },
        "6": {
          "que": 6,
          "type": "mcq",
          "marks": {
            "cm": 4,
            "im": -1
          },
          "pdfData": [
            {
              "x1": 195,
              "x2": 681,
              "y1": 278,
              "y2": 363,
              "page": 8
            }
          ],
          "answerOptions": "4"
        },
        "7": {
          "que": 7,
          "type": "mcq",
          "marks": {
            "cm": 4,
            "im": -1
          },
          "pdfData": [
            {
              "x1": 128,
              "x2": 695,
              "y1": 244,
              "y2": 389,
              "page": 9
            }
          ],
          "answerOptions": "4"
        },
        "8": {
          "que": 8,
          "type": "mcq",
          "marks": {
            "cm": 4,
            "im": -1
          },
          "pdfData": [
            {
              "x1": 96,
              "x2": 740,
              "y1": 222,
              "y2": 404,
              "page": 10
            }
          ],
          "answerOptions": "4"
        },
        "9": {
          "que": 9,
          "type": "mcq",
          "marks": {
            "cm": 4,
            "im": -1
          },
          "pdfData": [
            {
              "x1": 74,
              "x2": 696,
              "y1": 273,
              "y2": 379,
              "page": 11
            }
          ],
          "answerOptions": "4"
        },
        "10": {
          "que": 10,
          "type": "nat",
          "marks": {
            "cm": 4,
            "im": -1
          },
          "pdfData": [
            {
              "x1": 193,
              "x2": 693,
              "y1": 281,
              "y2": 350,
              "page": 4
            }
          ]
        }
      }
    }
  },
  "appVersion": "1.22.1",
  "generatedBy": "answerKeyPage",
  "generatedBasedOn": "pdfCropperPage",
  "testAnswerKey": {
    "MATHS": {
      "MATHS Section 1": {
        "1": [
          3
        ],
        "2": [
          2,
          4
        ],
        "3": [
          2
        ],
        "4": [
          3
        ],
        "5": [
          1
        ],
        "6": [
          2,
          3
        ],
        "7": [
          2
        ],
        "8": [
          4
        ],
        "9": [
          3
        ],
        "10": "28.00,28"
      }
    }
  }
}